{
  "version": 1,
  "author": "21.83.0656_Krishna Ananditya Nugraha",
  "editor": "wokwi",
  "parts": [
    { "type": "board-esp32-devkit-c-v4", "id": "esp", "top": -37.58, "left": -96.37, "attrs": {} },
    { "type": "wokwi-dht22", "id": "dht1", "top": -28.5, "left": 42.6, "attrs": {} }
  ],
  "connections": [
    [ "esp:TX", "$serialMonitor:RX", "", [] ],
    [ "esp:RX", "$serialMonitor:TX", "", [] ],
    [ "dht1:VCC", "esp:3V3", "red", [ "v109.3", "h-170.36", "v-200.78" ] ],
    [ "dht1:SDA", "esp:15", "green", [ "v0" ] ],
    [ "dht1:GND", "esp:GND.1", "black", [ "v99.7", "h-189.56", "v-66.38" ] ]
  ],
  "dependencies": {}
}